,narration_id
0,P01_09_660
1,P01_09_789
2,P01_19_14
3,P01_19_46
4,P02_04_98
5,P03_12_2
6,P03_13_0
7,P03_13_1
8,P03_13_4
9,P03_13_6
10,P03_14_5
11,P03_19_131
12,P03_19_144
13,P05_03_93
14,P05_05_22
15,P05_05_24
16,P05_05_25
17,P09_02_59
18,P09_02_6
19,P09_02_7
20,P09_05_34
21,P09_05_35
22,P11_05_63
23,P22_14_24
24,P28_02_101
25,P28_02_105
26,P28_02_115
27,P28_02_15
28,P28_02_18
29,P28_02_19
30,P28_02_21
31,P28_02_23
32,P28_02_25
33,P28_03_129
34,P28_03_134
35,P28_03_136
36,P28_03_137
37,P28_03_147
38,P28_03_149
39,P28_03_70
40,P28_03_81
41,P28_03_82
42,P28_03_83
43,P28_04_10
44,P28_04_11
45,P28_04_12
46,P28_04_13
47,P28_04_14
48,P28_04_15
49,P28_04_34
50,P28_04_35
51,P28_04_46
52,P28_04_48
53,P28_04_55
54,P28_04_56
55,P28_04_57
56,P28_04_84
57,P28_05_59
58,P28_05_62
59,P28_05_66
60,P28_05_67
61,P28_05_68
62,P28_05_69
63,P28_05_70
64,P28_05_71
65,P28_05_72
66,P28_05_73
67,P28_05_75
68,P28_06_105
69,P28_06_106
70,P28_06_108
71,P28_06_109
72,P28_06_110
73,P28_06_111
74,P28_06_113
75,P28_06_114
76,P28_06_118
77,P28_06_12
78,P28_06_13
79,P28_06_14
80,P28_06_15
81,P28_08_31
82,P28_08_42
83,P28_08_43
84,P28_08_67
85,P28_08_80
86,P28_08_82
87,P28_09_117
88,P28_09_119
89,P28_09_120
90,P28_09_121
91,P28_09_122
92,P28_09_123
93,P28_09_124
94,P28_09_127
95,P28_09_37
96,P28_09_39
97,P28_10_16
98,P28_10_2
99,P28_11_30
100,P28_11_31
101,P28_11_43
102,P28_11_53
103,P28_11_55
104,P28_11_56
105,P28_14_3
106,P28_14_4
107,P28_14_40
108,P28_14_6
109,P28_14_7
110,P30_05_283
111,P30_05_503
112,P30_05_726
113,P30_05_727
114,P30_05_735
115,P30_05_738
116,P30_10_11
